{
  "hash": "17a743b7",
  "browserHash": "344990bd",
  "optimized": {
    "@angular/common": {
      "src": "../../../../../node_modules/@angular/common/fesm2022/common.mjs",
      "file": "@angular_common.js",
      "fileHash": "4148f00e",
      "needsInterop": false
    },
    "@angular/common/http": {
      "src": "../../../../../node_modules/@angular/common/fesm2022/http.mjs",
      "file": "@angular_common_http.js",
      "fileHash": "fed67db3",
      "needsInterop": false
    },
    "@angular/core": {
      "src": "../../../../../node_modules/@angular/core/fesm2022/core.mjs",
      "file": "@angular_core.js",
      "fileHash": "0900e74f",
      "needsInterop": false
    },
    "@angular/flex-layout": {
      "src": "../../../../../node_modules/@angular/flex-layout/fesm2020/angular-flex-layout.mjs",
      "file": "@angular_flex-layout.js",
      "fileHash": "7e233b45",
      "needsInterop": false
    },
    "@angular/flex-layout/extended": {
      "src": "../../../../../node_modules/@angular/flex-layout/fesm2020/angular-flex-layout-extended.mjs",
      "file": "@angular_flex-layout_extended.js",
      "fileHash": "2c89db28",
      "needsInterop": false
    },
    "@angular/flex-layout/flex": {
      "src": "../../../../../node_modules/@angular/flex-layout/fesm2020/angular-flex-layout-flex.mjs",
      "file": "@angular_flex-layout_flex.js",
      "fileHash": "84ba6d5f",
      "needsInterop": false
    },
    "@angular/material/button": {
      "src": "../../../../../node_modules/@angular/material/fesm2022/button.mjs",
      "file": "@angular_material_button.js",
      "fileHash": "cecd7e97",
      "needsInterop": false
    },
    "@angular/material/card": {
      "src": "../../../../../node_modules/@angular/material/fesm2022/card.mjs",
      "file": "@angular_material_card.js",
      "fileHash": "877eff3e",
      "needsInterop": false
    },
    "@angular/material/divider": {
      "src": "../../../../../node_modules/@angular/material/fesm2022/divider.mjs",
      "file": "@angular_material_divider.js",
      "fileHash": "858579d7",
      "needsInterop": false
    },
    "@angular/material/icon": {
      "src": "../../../../../node_modules/@angular/material/fesm2022/icon.mjs",
      "file": "@angular_material_icon.js",
      "fileHash": "03a21805",
      "needsInterop": false
    },
    "@angular/material/menu": {
      "src": "../../../../../node_modules/@angular/material/fesm2022/menu.mjs",
      "file": "@angular_material_menu.js",
      "fileHash": "e2801558",
      "needsInterop": false
    },
    "@angular/material/toolbar": {
      "src": "../../../../../node_modules/@angular/material/fesm2022/toolbar.mjs",
      "file": "@angular_material_toolbar.js",
      "fileHash": "01b15a45",
      "needsInterop": false
    },
    "@angular/platform-browser": {
      "src": "../../../../../node_modules/@angular/platform-browser/fesm2022/platform-browser.mjs",
      "file": "@angular_platform-browser.js",
      "fileHash": "3bf38b64",
      "needsInterop": false
    },
    "@angular/platform-browser/animations": {
      "src": "../../../../../node_modules/@angular/platform-browser/fesm2022/animations.mjs",
      "file": "@angular_platform-browser_animations.js",
      "fileHash": "1b9f1249",
      "needsInterop": false
    }
  },
  "chunks": {
    "chunk-3GRIVEKK": {
      "file": "chunk-3GRIVEKK.js"
    },
    "chunk-HEFPVBG5": {
      "file": "chunk-HEFPVBG5.js"
    },
    "chunk-TOXVPCLX": {
      "file": "chunk-TOXVPCLX.js"
    },
    "chunk-OCNS46Z5": {
      "file": "chunk-OCNS46Z5.js"
    },
    "chunk-2XSQBORD": {
      "file": "chunk-2XSQBORD.js"
    },
    "chunk-OPSZ2JWI": {
      "file": "chunk-OPSZ2JWI.js"
    },
    "chunk-XCDQF6CR": {
      "file": "chunk-XCDQF6CR.js"
    },
    "chunk-H6LO26HA": {
      "file": "chunk-H6LO26HA.js"
    },
    "chunk-6BIEBWJP": {
      "file": "chunk-6BIEBWJP.js"
    },
    "chunk-O5CMRJVE": {
      "file": "chunk-O5CMRJVE.js"
    },
    "chunk-GS3PXGLO": {
      "file": "chunk-GS3PXGLO.js"
    }
  }
}